NAME,INTAKE CODE,COURSE NAME,STUDY MODE,MODULE CODE,MODULE NAME
Tara Nina,APUMP2203DSBA(BI)(PR)-ODL,MSc in Data Science and Business Analytics,Distance Learning,CT047-3-M-BDAT,Big Data Analytics and Technologies
Tara Nina,APUMP2203DSBA(BI)(PR)-ODL,MSc in Data Science and Business Analytics,Distance Learning,CT048-3-M-BIS,Business Intelligence Systems
Tara Nina,APUMP2203DSBA(BI)(PR)-ODL,MSc in Data Science and Business Analytics,Distance Learning,CT125-3-M-ODL-AML,Applied Machine Learning
Amatus Arne,APUMP2205DSBA(DE)(PR),MSc in Data Science and Business Analytics,Part time,CT047-3-M-BDAT,Big Data Analytics and Technologies
Amatus Arne,APUMP2205DSBA(DE)(PR),MSc in Data Science and Business Analytics,Part time,CT051-3-M-DM,Data Management
Sigurd Sašo,APDMP2201DSBA(DE)(PR),MSc in Data Science and Business Analytics,Part time,CT047-3-M-BDAT,Big Data Analytics and Technologies
Sigurd Sašo,APDMP2201DSBA(DE)(PR),MSc in Data Science and Business Analytics,Part time,CT048-3-M-BIS,Business Intelligence Systems
Sigurd Sašo,APDMP2201DSBA(DE)(PR),MSc in Data Science and Business Analytics,Part time,CT051-3-M-DM,Data Management
Eira Sigiheri,APDMP2105DSBA(BI)(PR),MSc in Data Science and Business Analytics,Part time,AQ049-3-M-MMDA,Multivariate Methods for Data Analysis
Eira Sigiheri,APDMP2105DSBA(BI)(PR),MSc in Data Science and Business Analytics,Part time,AQ050-3-M-TSF,Time Series Analysis and Forecasting
Eira Sigiheri,APDMP2105DSBA(BI)(PR),MSc in Data Science and Business Analytics,Part time,BM031-3-M-BSSMMA,"Behavioural Science, Social Media and Marketing Analytics"
Eira Sigiheri,APDMP2105DSBA(BI)(PR),MSc in Data Science and Business Analytics,Part time,CT046-3-M-AML,Applied Machine Learning
Eira Sigiheri,APDMP2105DSBA(BI)(PR),MSc in Data Science and Business Analytics,Part time,CT047-3-M-BDAT,Big Data Analytics and Technologies
Ruggiero Igor,APDMP2107DSBA(BI)(PR),MSc in Data Science and Business Analytics,Part time,BM031-3-M-BSSMMA,"Behavioural Science, Social Media and Marketing Analytics"
Ruggiero Igor,APDMP2107DSBA(BI)(PR),MSc in Data Science and Business Analytics,Part time,CT045-3-M-ABAV,Advanced Business Analytics and Visualisation
Ruggiero Igor,APDMP2107DSBA(BI)(PR),MSc in Data Science and Business Analytics,Part time,CT046-3-M-AML,Applied Machine Learning
Ruggiero Igor,APDMP2107DSBA(BI)(PR),MSc in Data Science and Business Analytics,Part time,CT047-3-M-BDAT,Big Data Analytics and Technologies
Kojo 'Uri,APUMP2203DSBA(BI)(PR),MSc in Data Science and Business Analytics,Part time,CT047-3-M-BDAT,Big Data Analytics and Technologies
Kojo 'Uri,APUMP2203DSBA(BI)(PR),MSc in Data Science and Business Analytics,Part time,CT048-3-M-BIS,Business Intelligence Systems
Kojo 'Uri,APUMP2203DSBA(BI)(PR),MSc in Data Science and Business Analytics,Part time,CT051-3-M-DM,Data Management
Stephani Geertruida,APDMP2111DSBA(BI)(PR),MSc in Data Science and Business Analytics,Part time,CT046-3-M-AML,Applied Machine Learning
Stephani Geertruida,APDMP2111DSBA(BI)(PR),MSc in Data Science and Business Analytics,Part time,CT047-3-M-BDAT,Big Data Analytics and Technologies
Stephani Geertruida,APDMP2111DSBA(BI)(PR),MSc in Data Science and Business Analytics,Part time,CT048-3-M-BIS,Business Intelligence Systems
Stephani Geertruida,APDMP2111DSBA(BI)(PR),MSc in Data Science and Business Analytics,Part time,CT051-3-M-DM,Data Management
Ainur Muna,APUMP2203DSBA(BI)(PR),MSc in Data Science and Business Analytics,Part time,CT047-3-M-BDAT,Big Data Analytics and Technologies
Ainur Muna,APUMP2203DSBA(BI)(PR),MSc in Data Science and Business Analytics,Part time,CT051-3-M-DM,Data Management
Dipa Tudur,APDMP2201DSBA(BI)(PR),MSc in Data Science and Business Analytics,Part time,AQ050-3-M-TSF,Time Series Analysis and Forecasting
Dipa Tudur,APDMP2201DSBA(BI)(PR),MSc in Data Science and Business Analytics,Part time,CT047-3-M-BDAT,Big Data Analytics and Technologies
Dipa Tudur,APDMP2201DSBA(BI)(PR),MSc in Data Science and Business Analytics,Part time,CT048-3-M-BIS,Business Intelligence Systems
Dipa Tudur,APDMP2201DSBA(BI)(PR),MSc in Data Science and Business Analytics,Part time,CT051-3-M-DM,Data Management
Anwar Jamiimar Debbie,APDMP2201DSBA(BI)(PR),MSc in Data Science and Business Analytics,Part time,AQ050-3-M-TSF,Time Series Analysis and Forecasting
Anwar Jamiimar Debbie,APDMP2201DSBA(BI)(PR),MSc in Data Science and Business Analytics,Part time,CT047-3-M-BDAT,Big Data Analytics and Technologies
Anwar Jamiimar Debbie,APDMP2201DSBA(BI)(PR),MSc in Data Science and Business Analytics,Part time,CT048-3-M-BIS,Business Intelligence Systems
Anwar Jamiimar Debbie,APDMP2201DSBA(BI)(PR),MSc in Data Science and Business Analytics,Part time,CT051-3-M-DM,Data Management
Milka Nijolė,APDMP2207DSBA(BI)(PR),MSc in Data Science and Business Analytics,Part time,CT046-3-M-AML,Applied Machine Learning
Tanya NMatty LarOden Madhavižda,APDMP2101DSBA(DE)(PR),MSc in Data Science and Business Analytics,Part time,CT045-3-M-ABAV,Advanced Business Analytics and Visualisation
Tanya NMatty LarOden Madhavižda,APDMP2101DSBA(DE)(PR),MSc in Data Science and Business Analytics,Part time,CT046-3-M-AML,Applied Machine Learning
Tanya NMatty LarOden Madhavižda,APDMP2101DSBA(DE)(PR),MSc in Data Science and Business Analytics,Part time,CT050-3-M-DAP,Data Analytical Programming
Tanya NMatty LarOden Madhavižda,APDMP2101DSBA(DE)(PR),MSc in Data Science and Business Analytics,Part time,CT051-3-M-DM,Data Management
Tanya NMatty LarOden Madhavižda,APDMP2101DSBA(DE)(PR),MSc in Data Science and Business Analytics,Part time,CT087-3-M-RMCP,Research Methodology for Capstone Project
Tanya NMatty LarOden Madhavižda,APDMP2101DSBA(DE)(PR),MSc in Data Science and Business Analytics,Part time,CT100-3-M-DL,Deep Learning
Tanya NMatty LarOden Madhavižda,APDMP2101DSBA(DE)(PR),MSc in Data Science and Business Analytics,Part time,CT105-3-M-CIS,Cloud Infrastructure and Services
Gaëlle Olayaa Sarolta,APUMP2111DSBA(BI)-ODL,MSc in Data Science and Business Analytics,Distance Learning,AQ049-3-M-MMDA,Multivariate Methods for Data Analysis
Gaëlle Olayaa Sarolta,APUMP2111DSBA(BI)-ODL,MSc in Data Science and Business Analytics,Distance Learning,CT045-3-M-ABAV,Advanced Business Analytics and Visualisation
Gaëlle Olayaa Sarolta,APUMP2111DSBA(BI)-ODL,MSc in Data Science and Business Analytics,Distance Learning,CT046-3-M-AML,Applied Machine Learning
Gaëlle Olayaa Sarolta,APUMP2111DSBA(BI)-ODL,MSc in Data Science and Business Analytics,Distance Learning,CT047-3-M-BDAT,Big Data Analytics and Technologies
Tatianus Miloš,APUMP2101DSBA(DE)(PR),MSc in Data Science and Business Analytics,Part time,CT045-3-M-ABAV,Advanced Business Analytics and Visualisation
Tatianus Miloš,APUMP2101DSBA(DE)(PR),MSc in Data Science and Business Analytics,Part time,CT046-3-M-AML,Applied Machine Learning
Tatianus Miloš,APUMP2101DSBA(DE)(PR),MSc in Data Science and Business Analytics,Part time,CT047-3-M-BDAT,Big Data Analytics and Technologies
Tatianus Miloš,APUMP2101DSBA(DE)(PR),MSc in Data Science and Business Analytics,Part time,CT048-3-M-BIS,Business Intelligence Systems
Tatianus Miloš,APUMP2101DSBA(DE)(PR),MSc in Data Science and Business Analytics,Part time,CT050-3-M-DAP,Data Analytical Programming
Tatianus Miloš,APUMP2101DSBA(DE)(PR),MSc in Data Science and Business Analytics,Part time,CT051-3-M-DM,Data Management
Tatianus Miloš,APUMP2101DSBA(DE)(PR),MSc in Data Science and Business Analytics,Part time,CT087-3-M-RMCP,Research Methodology for Capstone Project
Tatianus Miloš,APUMP2101DSBA(DE)(PR),MSc in Data Science and Business Analytics,Part time,CT100-3-M-DL,Deep Learning
Tatianus Miloš,APUMP2101DSBA(DE)(PR),MSc in Data Science and Business Analytics,Part time,CT105-3-M-CIS,Cloud Infrastructure and Services
Atle Kristaq,APDMP2205DSBA(BI)(PR),MSc in Data Science and Business Analytics,Part time,CT047-3-M-BDAT,Big Data Analytics and Technologies
Atle Kristaq,APDMP2205DSBA(BI)(PR),MSc in Data Science and Business Analytics,Part time,CT051-3-M-DM,Data Management
Włodzisław Petteri,APUMP2109DSBA(DE)(PR)-ODL,MSc in Data Science and Business Analytics,Distance Learning,AQ049-3-M-MMDA,Multivariate Methods for Data Analysis
Włodzisław Petteri,APUMP2109DSBA(DE)(PR)-ODL,MSc in Data Science and Business Analytics,Distance Learning,CT045-3-M-ABAV,Advanced Business Analytics and Visualisation
Włodzisław Petteri,APUMP2109DSBA(DE)(PR)-ODL,MSc in Data Science and Business Analytics,Distance Learning,CT046-3-M-AML,Applied Machine Learning
Włodzisław Petteri,APUMP2109DSBA(DE)(PR)-ODL,MSc in Data Science and Business Analytics,Distance Learning,CT048-3-M-BIS,Business Intelligence Systems
Włodzisław Petteri,APUMP2109DSBA(DE)(PR)-ODL,MSc in Data Science and Business Analytics,Distance Learning,CT052-3-M-NLP,Natural Language Processing
Włodzisław Petteri,APUMP2109DSBA(DE)(PR)-ODL,MSc in Data Science and Business Analytics,Distance Learning,CT131-3-M-ODL-DM,Data Management
Fredric Miruna,APUMP2207DSBA(BI)(PR)-ODL,MSc in Data Science and Business Analytics,Distance Learning,CT125-3-M-ODL-AML,Applied Machine Learning
Iudhail Maurene,APDMP2105DSBA(DE)(PR),MSc in Data Science and Business Analytics,Part time,AQ049-3-M-MMDA,Multivariate Methods for Data Analysis
Iudhail Maurene,APDMP2105DSBA(DE)(PR),MSc in Data Science and Business Analytics,Part time,CT045-3-M-ABAV,Advanced Business Analytics and Visualisation
Iudhail Maurene,APDMP2105DSBA(DE)(PR),MSc in Data Science and Business Analytics,Part time,CT046-3-M-AML,Applied Machine Learning
Iudhail Maurene,APDMP2105DSBA(DE)(PR),MSc in Data Science and Business Analytics,Part time,CT050-3-M-DAP,Data Analytical Programming
Iudhail Maurene,APDMP2105DSBA(DE)(PR),MSc in Data Science and Business Analytics,Part time,CT051-3-M-DM,Data Management
Iudhail Maurene,APDMP2105DSBA(DE)(PR),MSc in Data Science and Business Analytics,Part time,CT100-3-M-DL,Deep Learning
Arminius Johann Baptist,APDMP2107DSBA(DE)(PR),MSc in Data Science and Business Analytics,Part time,CT045-3-M-ABAV,Advanced Business Analytics and Visualisation
Arminius Johann Baptist,APDMP2107DSBA(DE)(PR),MSc in Data Science and Business Analytics,Part time,CT046-3-M-AML,Applied Machine Learning
Arminius Johann Baptist,APDMP2107DSBA(DE)(PR),MSc in Data Science and Business Analytics,Part time,CT047-3-M-BDAT,Big Data Analytics and Technologies
Arminius Johann Baptist,APDMP2107DSBA(DE)(PR),MSc in Data Science and Business Analytics,Part time,CT051-3-M-DM,Data Management
Arminius Johann Baptist,APDMP2107DSBA(DE)(PR),MSc in Data Science and Business Analytics,Part time,CT052-3-M-NLP,Natural Language Processing
Arminius Johann Baptist,APDMP2107DSBA(DE)(PR),MSc in Data Science and Business Analytics,Part time,CT100-3-M-DL,Deep Learning
Gary RAnika Gasparoiv,APUMP2203DSBA(DE)(PR)-ODL,MSc in Data Science and Business Analytics,Distance Learning,CT047-3-M-BDAT,Big Data Analytics and Technologies
Gary RAnika Gasparoiv,APUMP2203DSBA(DE)(PR)-ODL,MSc in Data Science and Business Analytics,Distance Learning,CT048-3-M-BIS,Business Intelligence Systems
Gary RAnika Gasparoiv,APUMP2203DSBA(DE)(PR)-ODL,MSc in Data Science and Business Analytics,Distance Learning,CT130-3-M-ODL-DAP,Data Analytical Programming
Dermot Teimurazi,APUMP2203DSBA(DE)(PR)-ODL,MSc in Data Science and Business Analytics,Distance Learning,CT047-3-M-BDAT,Big Data Analytics and Technologies
Dermot Teimurazi,APUMP2203DSBA(DE)(PR)-ODL,MSc in Data Science and Business Analytics,Distance Learning,CT048-3-M-BIS,Business Intelligence Systems
Dermot Teimurazi,APUMP2203DSBA(DE)(PR)-ODL,MSc in Data Science and Business Analytics,Distance Learning,CT130-3-M-ODL-DAP,Data Analytical Programming
Regina Amets,APDMP2207DSBA(BI)(PR),MSc in Data Science and Business Analytics,Part time,CT051-3-M-DM,Data Management
Matty Lara,APDMP2201DSBA(BI)(PR),MSc in Data Science and Business Analytics,Part time,AQ050-3-M-TSF,Time Series Analysis and Forecasting
Matty Lara,APDMP2201DSBA(BI)(PR),MSc in Data Science and Business Analytics,Part time,CT046-3-M-AML,Applied Machine Learning
Matty Lara,APDMP2201DSBA(BI)(PR),MSc in Data Science and Business Analytics,Part time,CT047-3-M-BDAT,Big Data Analytics and Technologies
Matty Lara,APDMP2201DSBA(BI)(PR),MSc in Data Science and Business Analytics,Part time,CT048-3-M-BIS,Business Intelligence Systems
Oden Madhavi,APDMP2101DSBA(DE)(PR),MSc in Data Science and Business Analytics,Part time,CT045-3-M-ABAV,Advanced Business Analytics and Visualisation
Oden Madhavi,APDMP2101DSBA(DE)(PR),MSc in Data Science and Business Analytics,Part time,CT046-3-M-AML,Applied Machine Learning
Oden Madhavi,APDMP2101DSBA(DE)(PR),MSc in Data Science and Business Analytics,Part time,CT087-3-M-RMCP,Research Methodology for Capstone Project
Oden Madhavi,APDMP2101DSBA(DE)(PR),MSc in Data Science and Business Analytics,Part time,CT100-3-M-DL,Deep Learning
Oden Madhavi,APDMP2101DSBA(DE)(PR),MSc in Data Science and Business Analytics,Part time,CT105-3-M-CIS,Cloud Infrastructure and Services
Gaëlle Olaya,APDMP2105DSBA(DE)(PR),MSc in Data Science and Business Analytics,Part time,CT046-3-M-AML,Applied Machine Learning
Gaëlle Olaya,APDMP2105DSBA(DE)(PR),MSc in Data Science and Business Analytics,Part time,CT047-3-M-BDAT,Big Data Analytics and Technologies
Gaëlle Olaya,APDMP2105DSBA(DE)(PR),MSc in Data Science and Business Analytics,Part time,CT048-3-M-BIS,Business Intelligence Systems
Gaëlle Olaya,APDMP2105DSBA(DE)(PR),MSc in Data Science and Business Analytics,Part time,CT050-3-M-DAP,Data Analytical Programming
Gaëlle Olaya,APDMP2105DSBA(DE)(PR),MSc in Data Science and Business Analytics,Part time,CT051-3-M-DM,Data Management
Gaëlle Olaya,APDMP2105DSBA(DE)(PR),MSc in Data Science and Business Analytics,Part time,CT052-3-M-NLP,Natural Language Processing
Solveig Culhwch,APDMP2107DSBA(BI)(PR),MSc in Data Science and Business Analytics,Part time,AQ049-3-M-MMDA,Multivariate Methods for Data Analysis
Solveig Culhwch,APDMP2107DSBA(BI)(PR),MSc in Data Science and Business Analytics,Part time,BM026-3-M-SEM,Strategies in Emerging Markets
Solveig Culhwch,APDMP2107DSBA(BI)(PR),MSc in Data Science and Business Analytics,Part time,CT046-3-M-AML,Applied Machine Learning
Solveig Culhwch,APDMP2107DSBA(BI)(PR),MSc in Data Science and Business Analytics,Part time,CT047-3-M-BDAT,Big Data Analytics and Technologies
Anika Gasparo,APDMP2201DSBA(BI)(PR),MSc in Data Science and Business Analytics,Part time,AQ050-3-M-TSF,Time Series Analysis and Forecasting
Anika Gasparo,APDMP2201DSBA(BI)(PR),MSc in Data Science and Business Analytics,Part time,CT047-3-M-BDAT,Big Data Analytics and Technologies
Anika Gasparo,APDMP2201DSBA(BI)(PR),MSc in Data Science and Business Analytics,Part time,CT048-3-M-BIS,Business Intelligence Systems
Anika Gasparo,APDMP2201DSBA(BI)(PR),MSc in Data Science and Business Analytics,Part time,CT051-3-M-DM,Data Management
Saraswati Zerachiel,APUMP2009DSBA(DE)(PR),MSc in Data Science and Business Analytics,Part time,AQ049-3-M-MMDA,Multivariate Methods for Data Analysis
Saraswati Zerachiel,APUMP2009DSBA(DE)(PR),MSc in Data Science and Business Analytics,Part time,CT045-3-M-ABAV,Advanced Business Analytics and Visualisation
Fatuma Sacagawea,APUMP2009DSBA(DE)(PR),MSc in Data Science and Business Analytics,Part time,CT046-3-M-AML,Applied Machine Learning
Fatuma Sacagawea,APUMP2009DSBA(DE)(PR),MSc in Data Science and Business Analytics,Part time,CT047-3-M-BDAT,Big Data Analytics and Technologies
Fatuma Sacagawea,APUMP2009DSBA(DE)(PR),MSc in Data Science and Business Analytics,Part time,CT052-3-M-NLP,Natural Language Processing
Fatuma Sacagawea,APUMP2009DSBA(DE)(PR),MSc in Data Science and Business Analytics,Part time,CT087-3-M-RMCP,Research Methodology for Capstone Project
Fatuma Sacagawea,APUMP2009DSBA(DE)(PR),MSc in Data Science and Business Analytics,Part time,CT100-3-M-DL,Deep Learning
Fatuma Sacagawea,APUMP2009DSBA(DE)(PR),MSc in Data Science and Business Analytics,Part time,CT105-3-M-CIS,Cloud Infrastructure and Services
Ralf Padmini,APDMP2109DSBA(DE)(PR),MSc in Data Science and Business Analytics,Part time,AQ049-3-M-MMDA,Multivariate Methods for Data Analysis
Ralf Padmini,APDMP2109DSBA(DE)(PR),MSc in Data Science and Business Analytics,Part time,CT046-3-M-AML,Applied Machine Learning
Ralf Padmini,APDMP2109DSBA(DE)(PR),MSc in Data Science and Business Analytics,Part time,CT047-3-M-BDAT,Big Data Analytics and Technologies
Ralf Padmini,APDMP2109DSBA(DE)(PR),MSc in Data Science and Business Analytics,Part time,CT050-3-M-DAP,Data Analytical Programming
Ralf Padmini,APDMP2109DSBA(DE)(PR),MSc in Data Science and Business Analytics,Part time,CT052-3-M-NLP,Natural Language Processing
Ralf Padmini,APDMP2109DSBA(DE)(PR),MSc in Data Science and Business Analytics,Part time,CT100-3-M-DL,Deep Learning
Chestislav Aminda,APDMP2111DSBA(BI)(PR),MSc in Data Science and Business Analytics,Part time,AQ050-3-M-TSF,Time Series Analysis and Forecasting
Chestislav Aminda,APDMP2111DSBA(BI)(PR),MSc in Data Science and Business Analytics,Part time,CT047-3-M-BDAT,Big Data Analytics and Technologies
Chestislav Aminda,APDMP2111DSBA(BI)(PR),MSc in Data Science and Business Analytics,Part time,CT050-3-M-DAP,Data Analytical Programming
Chestislav Aminda,APDMP2111DSBA(BI)(PR),MSc in Data Science and Business Analytics,Part time,CT051-3-M-DM,Data Management
Mónika Otmar,APDMP2107DSBA(DE)(PR),MSc in Data Science and Business Analytics,Part time,CT045-3-M-ABAV,Advanced Business Analytics and Visualisation
Mónika Otmar,APDMP2107DSBA(DE)(PR),MSc in Data Science and Business Analytics,Part time,CT046-3-M-AML,Applied Machine Learning
Mónika Otmar,APDMP2107DSBA(DE)(PR),MSc in Data Science and Business Analytics,Part time,CT048-3-M-BIS,Business Intelligence Systems
Mónika Otmar,APDMP2107DSBA(DE)(PR),MSc in Data Science and Business Analytics,Part time,CT050-3-M-DAP,Data Analytical Programming
Mónika Otmar,APDMP2107DSBA(DE)(PR),MSc in Data Science and Business Analytics,Part time,CT051-3-M-DM,Data Management
Mónika Otmar,APDMP2107DSBA(DE)(PR),MSc in Data Science and Business Analytics,Part time,CT087-3-M-RMCP,Research Methodology for Capstone Project
Mónika Otmar,APDMP2107DSBA(DE)(PR),MSc in Data Science and Business Analytics,Part time,CT100-3-M-DL,Deep Learning
Maurene Sybilla,APDMP2101DSBA(BI)(PR),MSc in Data Science and Business Analytics,Part time,AQ049-3-M-MMDA,Multivariate Methods for Data Analysis
Maurene Sybilla,APDMP2101DSBA(BI)(PR),MSc in Data Science and Business Analytics,Part time,AQ050-3-M-TSF,Time Series Analysis and Forecasting
Maurene Sybilla,APDMP2101DSBA(BI)(PR),MSc in Data Science and Business Analytics,Part time,BM031-3-M-BSSMMA,"Behavioural Science, Social Media and Marketing Analytics"
Maurene Sybilla,APDMP2101DSBA(BI)(PR),MSc in Data Science and Business Analytics,Part time,CT045-3-M-ABAV,Advanced Business Analytics and Visualisation
Maurene Sybilla,APDMP2101DSBA(BI)(PR),MSc in Data Science and Business Analytics,Part time,CT046-3-M-AML,Applied Machine Learning
Maurene Sybilla,APDMP2101DSBA(BI)(PR),MSc in Data Science and Business Analytics,Part time,CT047-3-M-BDAT,Big Data Analytics and Technologies
Maurene Sybilla,APDMP2101DSBA(BI)(PR),MSc in Data Science and Business Analytics,Part time,CT048-3-M-BIS,Business Intelligence Systems
Maurene Sybilla,APDMP2101DSBA(BI)(PR),MSc in Data Science and Business Analytics,Part time,CT051-3-M-DM,Data Management
Comgal Jessie,APUMP2109DSBA(BI)(PR),MSc in Data Science and Business Analytics,Part time,AQ049-3-M-MMDA,Multivariate Methods for Data Analysis
Comgal Jessie,APUMP2109DSBA(BI)(PR),MSc in Data Science and Business Analytics,Part time,AQ050-3-M-TSF,Time Series Analysis and Forecasting
Comgal Jessie,APUMP2109DSBA(BI)(PR),MSc in Data Science and Business Analytics,Part time,CT045-3-M-ABAV,Advanced Business Analytics and Visualisation
Comgal Jessie,APUMP2109DSBA(BI)(PR),MSc in Data Science and Business Analytics,Part time,CT046-3-M-AML,Applied Machine Learning
Comgal Jessie,APUMP2109DSBA(BI)(PR),MSc in Data Science and Business Analytics,Part time,CT047-3-M-BDAT,Big Data Analytics and Technologies
Comgal Jessie,APUMP2109DSBA(BI)(PR),MSc in Data Science and Business Analytics,Part time,CT050-3-M-DAP,Data Analytical Programming
Alex Zakariya,APUMP2201DSBA(DE)(PR)-ODL,MSc in Data Science and Business Analytics,Distance Learning,CT047-3-M-BDAT,Big Data Analytics and Technologies
Alex Zakariya,APUMP2201DSBA(DE)(PR)-ODL,MSc in Data Science and Business Analytics,Distance Learning,CT048-3-M-BIS,Business Intelligence Systems
Alex Zakariya,APUMP2201DSBA(DE)(PR)-ODL,MSc in Data Science and Business Analytics,Distance Learning,CT052-3-M-NLP,Natural Language Processing
Alex Zakariya,APUMP2201DSBA(DE)(PR)-ODL,MSc in Data Science and Business Analytics,Distance Learning,CT131-3-M-ODL-DM,Data Management
Ciriaco Rayner,APDMP2105DSBA(BI)(PR),MSc in Data Science and Business Analytics,Part time,AQ049-3-M-MMDA,Multivariate Methods for Data Analysis
Ciriaco Rayner,APDMP2105DSBA(BI)(PR),MSc in Data Science and Business Analytics,Part time,AQ050-3-M-TSF,Time Series Analysis and Forecasting
Ciriaco Rayner,APDMP2105DSBA(BI)(PR),MSc in Data Science and Business Analytics,Part time,CT046-3-M-AML,Applied Machine Learning
Ciriaco Rayner,APDMP2105DSBA(BI)(PR),MSc in Data Science and Business Analytics,Part time,CT047-3-M-BDAT,Big Data Analytics and Technologies
Ciriaco Rayner,APDMP2105DSBA(BI)(PR),MSc in Data Science and Business Analytics,Part time,CT048-3-M-BIS,Business Intelligence Systems
Ciriaco Rayner,APDMP2105DSBA(BI)(PR),MSc in Data Science and Business Analytics,Part time,CT050-3-M-DAP,Data Analytical Programming
Ciriaco Rayner,APDMP2105DSBA(BI)(PR),MSc in Data Science and Business Analytics,Part time,CT051-3-M-DM,Data Management
Vidya Mitsuko,APUMP2101DSBA(BI)(PR),MSc in Data Science and Business Analytics,Part time,CT045-3-M-ABAV,Advanced Business Analytics and Visualisation
Vidya Mitsuko,APUMP2101DSBA(BI)(PR),MSc in Data Science and Business Analytics,Part time,CT046-3-M-AML,Applied Machine Learning
Vidya Mitsuko,APUMP2101DSBA(BI)(PR),MSc in Data Science and Business Analytics,Part time,CT047-3-M-BDAT,Big Data Analytics and Technologies
Vidya Mitsuko,APUMP2101DSBA(BI)(PR),MSc in Data Science and Business Analytics,Part time,CT048-3-M-BIS,Business Intelligence Systems
Vidya Mitsuko,APUMP2101DSBA(BI)(PR),MSc in Data Science and Business Analytics,Part time,CT050-3-M-DAP,Data Analytical Programming
Vidya Mitsuko,APUMP2101DSBA(BI)(PR),MSc in Data Science and Business Analytics,Part time,CT051-3-M-DM,Data Management
Vidya Mitsuko,APUMP2101DSBA(BI)(PR),MSc in Data Science and Business Analytics,Part time,CT087-3-M-RMCP,Research Methodology for Capstone Project
Anit Ana,APDMP2101DSBA(BI)(PR),MSc in Data Science and Business Analytics,Part time,AQ050-3-M-TSF,Time Series Analysis and Forecasting
Anit Ana,APDMP2101DSBA(BI)(PR),MSc in Data Science and Business Analytics,Part time,AQ052-3-M-ORO,Operational Research and Optimisation
Anit Ana,APDMP2101DSBA(BI)(PR),MSc in Data Science and Business Analytics,Part time,BM031-3-M-BSSMMA,"Behavioural Science, Social Media and Marketing Analytics"
Anit Ana,APDMP2101DSBA(BI)(PR),MSc in Data Science and Business Analytics,Part time,CT045-3-M-ABAV,Advanced Business Analytics and Visualisation
Anit Ana,APDMP2101DSBA(BI)(PR),MSc in Data Science and Business Analytics,Part time,CT046-3-M-AML,Applied Machine Learning
Františka Lorenzo,APUMP2205DSBA(BI)(PR)-ODL,MSc in Data Science and Business Analytics,Distance Learning,CT047-3-M-BDAT,Big Data Analytics and Technologies
Františka Lorenzo,APUMP2205DSBA(BI)(PR)-ODL,MSc in Data Science and Business Analytics,Distance Learning,CT131-3-M-ODL-DM,Data Management
Subhash Zlata,APUMP2009DSBA(DE),MSc in Data Science and Business Analytics,Part time,AQ049-3-M-MMDA,Multivariate Methods for Data Analysis
Subhash Zlata,APUMP2009DSBA(DE),MSc in Data Science and Business Analytics,Part time,CT045-3-M-ABAV,Advanced Business Analytics and Visualisation
Subhash Zlata,APUMP2009DSBA(DE),MSc in Data Science and Business Analytics,Part time,CT046-3-M-AML,Applied Machine Learning
Subhash Zlata,APUMP2009DSBA(DE),MSc in Data Science and Business Analytics,Part time,CT052-3-M-NLP,Natural Language Processing
Subhash Zlata,APUMP2009DSBA(DE),MSc in Data Science and Business Analytics,Part time,CT087-3-M-RMCP,Research Methodology for Capstone Project
Subhash Zlata,APUMP2009DSBA(DE),MSc in Data Science and Business Analytics,Part time,CT100-3-M-DL,Deep Learning
Subhash Zlata,APUMP2009DSBA(DE),MSc in Data Science and Business Analytics,Part time,CT105-3-M-CIS,Cloud Infrastructure and Services
Balakrishna Hendrik,APUMP2105DSBA(DE)(PR),MSc in Data Science and Business Analytics,Part time,AQ049-3-M-MMDA,Multivariate Methods for Data Analysis
Balakrishna Hendrik,APUMP2105DSBA(DE)(PR),MSc in Data Science and Business Analytics,Part time,CT045-3-M-ABAV,Advanced Business Analytics and Visualisation
Balakrishna Hendrik,APUMP2105DSBA(DE)(PR),MSc in Data Science and Business Analytics,Part time,CT046-3-M-AML,Applied Machine Learning
Balakrishna Hendrik,APUMP2105DSBA(DE)(PR),MSc in Data Science and Business Analytics,Part time,CT047-3-M-BDAT,Big Data Analytics and Technologies
Balakrishna Hendrik,APUMP2105DSBA(DE)(PR),MSc in Data Science and Business Analytics,Part time,CT048-3-M-BIS,Business Intelligence Systems
Balakrishna Hendrik,APUMP2105DSBA(DE)(PR),MSc in Data Science and Business Analytics,Part time,CT050-3-M-DAP,Data Analytical Programming
Balakrishna Hendrik,APUMP2105DSBA(DE)(PR),MSc in Data Science and Business Analytics,Part time,CT051-3-M-DM,Data Management
Balakrishna Hendrik,APUMP2105DSBA(DE)(PR),MSc in Data Science and Business Analytics,Part time,CT087-3-M-RMCP,Research Methodology for Capstone Project
Hannele Bandile,APDMP2105DSBA(DE)(PR),MSc in Data Science and Business Analytics,Part time,AQ049-3-M-MMDA,Multivariate Methods for Data Analysis
Hannele Bandile,APDMP2105DSBA(DE)(PR),MSc in Data Science and Business Analytics,Part time,CT046-3-M-AML,Applied Machine Learning
Hannele Bandile,APDMP2105DSBA(DE)(PR),MSc in Data Science and Business Analytics,Part time,CT048-3-M-BIS,Business Intelligence Systems
Hannele Bandile,APDMP2105DSBA(DE)(PR),MSc in Data Science and Business Analytics,Part time,CT050-3-M-DAP,Data Analytical Programming
Hannele Bandile,APDMP2105DSBA(DE)(PR),MSc in Data Science and Business Analytics,Part time,CT051-3-M-DM,Data Management
Hannele Bandile,APDMP2105DSBA(DE)(PR),MSc in Data Science and Business Analytics,Part time,CT052-3-M-NLP,Natural Language Processing
Hannele Bandile,APDMP2105DSBA(DE)(PR),MSc in Data Science and Business Analytics,Part time,CT087-3-M-RMCP,Research Methodology for Capstone Project
Hannele Bandile,APDMP2105DSBA(DE)(PR),MSc in Data Science and Business Analytics,Part time,CT105-3-M-CIS,Cloud Infrastructure and Services
Daniela Wandal,APUMP2109DSBA(BI)(PR),MSc in Data Science and Business Analytics,Part time,AQ049-3-M-MMDA,Multivariate Methods for Data Analysis
Daniela Wandal,APUMP2109DSBA(BI)(PR),MSc in Data Science and Business Analytics,Part time,BM031-3-M-BSSMMA,"Behavioural Science, Social Media and Marketing Analytics"
Daniela Wandal,APUMP2109DSBA(BI)(PR),MSc in Data Science and Business Analytics,Part time,CT046-3-M-AML,Applied Machine Learning
Daniela Wandal,APUMP2109DSBA(BI)(PR),MSc in Data Science and Business Analytics,Part time,CT047-3-M-BDAT,Big Data Analytics and Technologies
Daniela Wandal,APUMP2109DSBA(BI)(PR),MSc in Data Science and Business Analytics,Part time,CT048-3-M-BIS,Business Intelligence Systems
Daniela Wandal,APUMP2109DSBA(BI)(PR),MSc in Data Science and Business Analytics,Part time,CT051-3-M-DM,Data Management
Rumen Diederik,APUMP2101DSBA(BI)(PR),MSc in Data Science and Business Analytics,Part time,AQ049-3-M-MMDA,Multivariate Methods for Data Analysis
Rumen Diederik,APUMP2101DSBA(BI)(PR),MSc in Data Science and Business Analytics,Part time,AQ051-3-M-MDA,Multilevel Data Analysis
Rumen Diederik,APUMP2101DSBA(BI)(PR),MSc in Data Science and Business Analytics,Part time,BM031-3-M-BSSMMA,"Behavioural Science, Social Media and Marketing Analytics"
Rumen Diederik,APUMP2101DSBA(BI)(PR),MSc in Data Science and Business Analytics,Part time,CT045-3-M-ABAV,Advanced Business Analytics and Visualisation
Rumen Diederik,APUMP2101DSBA(BI)(PR),MSc in Data Science and Business Analytics,Part time,CT046-3-M-AML,Applied Machine Learning
Rumen Diederik,APUMP2101DSBA(BI)(PR),MSc in Data Science and Business Analytics,Part time,CT047-3-M-BDAT,Big Data Analytics and Technologies
Rumen Diederik,APUMP2101DSBA(BI)(PR),MSc in Data Science and Business Analytics,Part time,CT048-3-M-BIS,Business Intelligence Systems
Rumen Diederik,APUMP2101DSBA(BI)(PR),MSc in Data Science and Business Analytics,Part time,CT050-3-M-DAP,Data Analytical Programming
Rumen Diederik,APUMP2101DSBA(BI)(PR),MSc in Data Science and Business Analytics,Part time,CT051-3-M-DM,Data Management
Rumen Diederik,APUMP2101DSBA(BI)(PR),MSc in Data Science and Business Analytics,Part time,CT087-3-M-RMCP,Research Methodology for Capstone Project
Clancey Wiggum,APUMP2109DSBA(DE)(PR)-ODL,MSc in Data Science and Business Analytics,Distance Learning,AQ049-3-M-MMDA,Multivariate Methods for Data Analysis
Clancey Wiggum,APUMP2109DSBA(DE)(PR)-ODL,MSc in Data Science and Business Analytics,Distance Learning,CT045-3-M-ABAV,Advanced Business Analytics and Visualisation
Clancey Wiggum,APUMP2109DSBA(DE)(PR)-ODL,MSc in Data Science and Business Analytics,Distance Learning,CT046-3-M-AML,Applied Machine Learning
Clancey Wiggum,APUMP2109DSBA(DE)(PR)-ODL,MSc in Data Science and Business Analytics,Distance Learning,CT048-3-M-BIS,Business Intelligence Systems
Clancey Wiggum,APUMP2109DSBA(DE)(PR)-ODL,MSc in Data Science and Business Analytics,Distance Learning,CT087-3-M-RMCP,Research Methodology for Capstone Project
Clancey Wiggum,APUMP2109DSBA(DE)(PR)-ODL,MSc in Data Science and Business Analytics,Distance Learning,CT130-3-M-ODL-DAP,Data Analytical Programming
Dejan Moire,APDMP2111DSBA(DE)(PR),MSc in Data Science and Business Analytics,Part time,CT045-3-M-ABAV,Advanced Business Analytics and Visualisation
Dejan Moire,APDMP2111DSBA(DE)(PR),MSc in Data Science and Business Analytics,Part time,CT046-3-M-AML,Applied Machine Learning
Dejan Moire,APDMP2111DSBA(DE)(PR),MSc in Data Science and Business Analytics,Part time,CT047-3-M-BDAT,Big Data Analytics and Technologies
Dejan Moire,APDMP2111DSBA(DE)(PR),MSc in Data Science and Business Analytics,Part time,CT048-3-M-BIS,Business Intelligence Systems
Dejan Moire,APDMP2111DSBA(DE)(PR),MSc in Data Science and Business Analytics,Part time,CT051-3-M-DM,Data Management
Caitlin Nes,APDMP2105DSBA(DE)(PR),MSc in Data Science and Business Analytics,Part time,AQ049-3-M-MMDA,Multivariate Methods for Data Analysis
Caitlin Nes,APDMP2105DSBA(DE)(PR),MSc in Data Science and Business Analytics,Part time,CT045-3-M-ABAV,Advanced Business Analytics and Visualisation
Caitlin Nes,APDMP2105DSBA(DE)(PR),MSc in Data Science and Business Analytics,Part time,CT047-3-M-BDAT,Big Data Analytics and Technologies
Caitlin Nes,APDMP2105DSBA(DE)(PR),MSc in Data Science and Business Analytics,Part time,CT048-3-M-BIS,Business Intelligence Systems
Caitlin Nes,APDMP2105DSBA(DE)(PR),MSc in Data Science and Business Analytics,Part time,CT050-3-M-DAP,Data Analytical Programming
Caitlin Nes,APDMP2105DSBA(DE)(PR),MSc in Data Science and Business Analytics,Part time,CT051-3-M-DM,Data Management
Jaya Piotr,APDMP2207DSBA(BI)(PR),MSc in Data Science and Business Analytics,Part time,CT051-3-M-DM,Data Management
Tamanna Elpis,APDMP2201DSBA(BI)(PR),MSc in Data Science and Business Analytics,Part time,AQ050-3-M-TSF,Time Series Analysis and Forecasting
Tamanna Elpis,APDMP2201DSBA(BI)(PR),MSc in Data Science and Business Analytics,Part time,CT047-3-M-BDAT,Big Data Analytics and Technologies
Tamanna Elpis,APDMP2201DSBA(BI)(PR),MSc in Data Science and Business Analytics,Part time,CT048-3-M-BIS,Business Intelligence Systems
Glaucia Maximilianus,APDMP2101DSBA(BI)(PR),MSc in Data Science and Business Analytics,Part time,AQ052-3-M-ORO,Operational Research and Optimisation
Glaucia Maximilianus,APDMP2101DSBA(BI)(PR),MSc in Data Science and Business Analytics,Part time,BM031-3-M-BSSMMA,"Behavioural Science, Social Media and Marketing Analytics"
Glaucia Maximilianus,APDMP2101DSBA(BI)(PR),MSc in Data Science and Business Analytics,Part time,CT045-3-M-ABAV,Advanced Business Analytics and Visualisation
Glaucia Maximilianus,APDMP2101DSBA(BI)(PR),MSc in Data Science and Business Analytics,Part time,CT046-3-M-AML,Applied Machine Learning
Glaucia Maximilianus,APDMP2101DSBA(BI)(PR),MSc in Data Science and Business Analytics,Part time,CT047-3-M-BDAT,Big Data Analytics and Technologies
Sylvi Wighard,APUMP2005DSBA(DE)(PR),MSc in Data Science and Business Analytics,Part time,AQ049-3-M-MMDA,Multivariate Methods for Data Analysis
Sylvi Wighard,APUMP2005DSBA(DE)(PR),MSc in Data Science and Business Analytics,Part time,CT045-3-M-ABAV,Advanced Business Analytics and Visualisation
Sylvi Wighard,APUMP2005DSBA(DE)(PR),MSc in Data Science and Business Analytics,Part time,CT046-3-M-AML,Applied Machine Learning
Amator Cipriano,APDMP2109DSBA(DE)(PR),MSc in Data Science and Business Analytics,Part time,CT045-3-M-ABAV,Advanced Business Analytics and Visualisation
Amator Cipriano,APDMP2109DSBA(DE)(PR),MSc in Data Science and Business Analytics,Part time,CT046-3-M-AML,Applied Machine Learning
Amator Cipriano,APDMP2109DSBA(DE)(PR),MSc in Data Science and Business Analytics,Part time,CT047-3-M-BDAT,Big Data Analytics and Technologies
Amator Cipriano,APDMP2109DSBA(DE)(PR),MSc in Data Science and Business Analytics,Part time,CT048-3-M-BIS,Business Intelligence Systems
Amator Cipriano,APDMP2109DSBA(DE)(PR),MSc in Data Science and Business Analytics,Part time,CT050-3-M-DAP,Data Analytical Programming
Amator Cipriano,APDMP2109DSBA(DE)(PR),MSc in Data Science and Business Analytics,Part time,CT051-3-M-DM,Data Management
Dan Branimira,APUMP2103DSBA(DE),MSc in Data Science and Business Analytics,Part time,CT045-3-M-ABAV,Advanced Business Analytics and Visualisation
Dan Branimira,APUMP2103DSBA(DE),MSc in Data Science and Business Analytics,Part time,CT046-3-M-AML,Applied Machine Learning
Dan Branimira,APUMP2103DSBA(DE),MSc in Data Science and Business Analytics,Part time,CT047-3-M-BDAT,Big Data Analytics and Technologies
Ghulam Foka,APUMP2109DSBA(BI)(PR)-ODL,MSc in Data Science and Business Analytics,Distance Learning,AQ049-3-M-MMDA,Multivariate Methods for Data Analysis
Ghulam Foka,APUMP2109DSBA(BI)(PR)-ODL,MSc in Data Science and Business Analytics,Distance Learning,CT046-3-M-AML,Applied Machine Learning
Ghulam Foka,APUMP2109DSBA(BI)(PR)-ODL,MSc in Data Science and Business Analytics,Distance Learning,CT047-3-M-BDAT,Big Data Analytics and Technologies
Ghulam Foka,APUMP2109DSBA(BI)(PR)-ODL,MSc in Data Science and Business Analytics,Distance Learning,CT048-3-M-BIS,Business Intelligence Systems
Spiridon Hanna,APUMP2111DSBA(DE)(PR)-ODL,MSc in Data Science and Business Analytics,Distance Learning,AQ049-3-M-MMDA,Multivariate Methods for Data Analysis
Spiridon Hanna,APUMP2111DSBA(DE)(PR)-ODL,MSc in Data Science and Business Analytics,Distance Learning,CT045-3-M-ABAV,Advanced Business Analytics and Visualisation
Spiridon Hanna,APUMP2111DSBA(DE)(PR)-ODL,MSc in Data Science and Business Analytics,Distance Learning,CT046-3-M-AML,Applied Machine Learning
Spiridon Hanna,APUMP2111DSBA(DE)(PR)-ODL,MSc in Data Science and Business Analytics,Distance Learning,CT047-3-M-BDAT,Big Data Analytics and Technologies
Spiridon Hanna,APUMP2111DSBA(DE)(PR)-ODL,MSc in Data Science and Business Analytics,Distance Learning,CT131-3-M-ODL-DM,Data Management
Saiful Aristide,APUMP2203DSBA(BI)(PR)-ODL,MSc in Data Science and Business Analytics,Distance Learning,CT047-3-M-BDAT,Big Data Analytics and Technologies
Saiful Aristide,APUMP2203DSBA(BI)(PR)-ODL,MSc in Data Science and Business Analytics,Distance Learning,CT131-3-M-ODL-DM,Data Management
Adlai Indra,APUMP2205DSBA(DE)-ODL,MSc in Data Science and Business Analytics,Distance Learning,CT047-3-M-BDAT,Big Data Analytics and Technologies
Adlai Indra,APUMP2205DSBA(DE)-ODL,MSc in Data Science and Business Analytics,Distance Learning,CT131-3-M-ODL-DM,Data Management
Abha Valtteri,APDMP2107DSBA(DE),MSc in Data Science and Business Analytics,Part time,AQ049-3-M-MMDA,Multivariate Methods for Data Analysis
Abha Valtteri,APDMP2107DSBA(DE),MSc in Data Science and Business Analytics,Part time,CT046-3-M-AML,Applied Machine Learning
Abha Valtteri,APDMP2107DSBA(DE),MSc in Data Science and Business Analytics,Part time,CT047-3-M-BDAT,Big Data Analytics and Technologies
Abha Valtteri,APDMP2107DSBA(DE),MSc in Data Science and Business Analytics,Part time,CT050-3-M-DAP,Data Analytical Programming
Abha Valtteri,APDMP2107DSBA(DE),MSc in Data Science and Business Analytics,Part time,CT051-3-M-DM,Data Management
Abha Valtteri,APDMP2107DSBA(DE),MSc in Data Science and Business Analytics,Part time,CT052-3-M-NLP,Natural Language Processing
Abha Valtteri,APDMP2107DSBA(DE),MSc in Data Science and Business Analytics,Part time,CT100-3-M-DL,Deep Learning
Umran Yash,APUMP2201DSBA(BI)(PR),MSc in Data Science and Business Analytics,Part time,AQ050-3-M-TSF,Time Series Analysis and Forecasting
Umran Yash,APUMP2201DSBA(BI)(PR),MSc in Data Science and Business Analytics,Part time,CT047-3-M-BDAT,Big Data Analytics and Technologies
Umran Yash,APUMP2201DSBA(BI)(PR),MSc in Data Science and Business Analytics,Part time,CT048-3-M-BIS,Business Intelligence Systems
Umran Yash,APUMP2201DSBA(BI)(PR),MSc in Data Science and Business Analytics,Part time,CT051-3-M-DM,Data Management
Adrasteia Jarmila,APUMP2005DSBA(DE)(PR),MSc in Data Science and Business Analytics,Part time,AQ049-3-M-MMDA,Multivariate Methods for Data Analysis
Adrasteia Jarmila,APUMP2005DSBA(DE)(PR),MSc in Data Science and Business Analytics,Part time,CT045-3-M-ABAV,Advanced Business Analytics and Visualisation
Adrasteia Jarmila,APUMP2005DSBA(DE)(PR),MSc in Data Science and Business Analytics,Part time,CT047-3-M-BDAT,Big Data Analytics and Technologies
Adrasteia Jarmila,APUMP2005DSBA(DE)(PR),MSc in Data Science and Business Analytics,Part time,CT050-3-M-DAP,Data Analytical Programming
Adrasteia Jarmila,APUMP2005DSBA(DE)(PR),MSc in Data Science and Business Analytics,Part time,CT052-3-M-NLP,Natural Language Processing
Adrasteia Jarmila,APUMP2005DSBA(DE)(PR),MSc in Data Science and Business Analytics,Part time,CT100-3-M-DL,Deep Learning
Adrasteia Jarmila,APUMP2005DSBA(DE)(PR),MSc in Data Science and Business Analytics,Part time,CT105-3-M-CIS,Cloud Infrastructure and Services
Vid Aamadu,APUMP2203DSBA(BI)(PR),MSc in Data Science and Business Analytics,Part time,CT047-3-M-BDAT,Big Data Analytics and Technologies
Vid Aamadu,APUMP2203DSBA(BI)(PR),MSc in Data Science and Business Analytics,Part time,CT048-3-M-BIS,Business Intelligence Systems
Vid Aamadu,APUMP2203DSBA(BI)(PR),MSc in Data Science and Business Analytics,Part time,CT051-3-M-DM,Data Management
Afonso Ivo,APUMP2009DSBA(BI)(PR),MSc in Data Science and Business Analytics,Part time,CT045-3-M-ABAV,Advanced Business Analytics and Visualisation
Afonso Ivo,APUMP2009DSBA(BI)(PR),MSc in Data Science and Business Analytics,Part time,CT046-3-M-AML,Applied Machine Learning
Afonso Ivo,APUMP2009DSBA(BI)(PR),MSc in Data Science and Business Analytics,Part time,CT047-3-M-BDAT,Big Data Analytics and Technologies
Afonso Ivo,APUMP2009DSBA(BI)(PR),MSc in Data Science and Business Analytics,Part time,CT087-3-M-RMCP,Research Methodology for Capstone Project
Avram Aneirin,APUMP2009DSBA(DE),MSc in Data Science and Business Analytics,Part time,CT045-3-M-ABAV,Advanced Business Analytics and Visualisation
Avram Aneirin,APUMP2009DSBA(DE),MSc in Data Science and Business Analytics,Part time,CT047-3-M-BDAT,Big Data Analytics and Technologies
Avram Aneirin,APUMP2009DSBA(DE),MSc in Data Science and Business Analytics,Part time,CT048-3-M-BIS,Business Intelligence Systems
Avram Aneirin,APUMP2009DSBA(DE),MSc in Data Science and Business Analytics,Part time,CT050-3-M-DAP,Data Analytical Programming
Avram Aneirin,APUMP2009DSBA(DE),MSc in Data Science and Business Analytics,Part time,CT052-3-M-NLP,Natural Language Processing
Avram Aneirin,APUMP2009DSBA(DE),MSc in Data Science and Business Analytics,Part time,CT100-3-M-DL,Deep Learning
Meiriona Tuuli,APDMP2105DSBA(BI)(PR),MSc in Data Science and Business Analytics,Part time,AQ049-3-M-MMDA,Multivariate Methods for Data Analysis
Meiriona Tuuli,APDMP2105DSBA(BI)(PR),MSc in Data Science and Business Analytics,Part time,AQ050-3-M-TSF,Time Series Analysis and Forecasting
Meiriona Tuuli,APDMP2105DSBA(BI)(PR),MSc in Data Science and Business Analytics,Part time,AQ051-3-M-MDA,Multilevel Data Analysis
Meiriona Tuuli,APDMP2105DSBA(BI)(PR),MSc in Data Science and Business Analytics,Part time,CT045-3-M-ABAV,Advanced Business Analytics and Visualisation
Meiriona Tuuli,APDMP2105DSBA(BI)(PR),MSc in Data Science and Business Analytics,Part time,CT047-3-M-BDAT,Big Data Analytics and Technologies
Meiriona Tuuli,APDMP2105DSBA(BI)(PR),MSc in Data Science and Business Analytics,Part time,CT048-3-M-BIS,Business Intelligence Systems
Kasumi Kassandros,APUMP2005DSBA(DE)(PR),MSc in Data Science and Business Analytics,Part time,CT045-3-M-ABAV,Advanced Business Analytics and Visualisation
Kasumi Kassandros,APUMP2005DSBA(DE)(PR),MSc in Data Science and Business Analytics,Part time,CT047-3-M-BDAT,Big Data Analytics and Technologies
Kasumi Kassandros,APUMP2005DSBA(DE)(PR),MSc in Data Science and Business Analytics,Part time,CT048-3-M-BIS,Business Intelligence Systems
Kasumi Kassandros,APUMP2005DSBA(DE)(PR),MSc in Data Science and Business Analytics,Part time,CT051-3-M-DM,Data Management
Kasumi Kassandros,APUMP2005DSBA(DE)(PR),MSc in Data Science and Business Analytics,Part time,CT052-3-M-NLP,Natural Language Processing
Kasumi Kassandros,APUMP2005DSBA(DE)(PR),MSc in Data Science and Business Analytics,Part time,CT100-3-M-DL,Deep Learning
Samuel Ahmed,APDMP2101DSBA(BI)(PR),MSc in Data Science and Business Analytics,Part time,AQ051-3-M-MDA,Multilevel Data Analysis
Samuel Ahmed,APDMP2101DSBA(BI)(PR),MSc in Data Science and Business Analytics,Part time,CT045-3-M-ABAV,Advanced Business Analytics and Visualisation
Samuel Ahmed,APDMP2101DSBA(BI)(PR),MSc in Data Science and Business Analytics,Part time,CT046-3-M-AML,Applied Machine Learning
Samuel Ahmed,APDMP2101DSBA(BI)(PR),MSc in Data Science and Business Analytics,Part time,CT047-3-M-BDAT,Big Data Analytics and Technologies
Samuel Ahmed,APDMP2101DSBA(BI)(PR),MSc in Data Science and Business Analytics,Part time,CT051-3-M-DM,Data Management
Natasha Romanov,APUMP2109DSBA(DE)(PR)-ODL,MSc in Data Science and Business Analytics,Distance Learning,AQ049-3-M-MMDA,Multivariate Methods for Data Analysis
Natasha Romanov,APUMP2109DSBA(DE)(PR)-ODL,MSc in Data Science and Business Analytics,Distance Learning,CT045-3-M-ABAV,Advanced Business Analytics and Visualisation
Natasha Romanov,APUMP2109DSBA(DE)(PR)-ODL,MSc in Data Science and Business Analytics,Distance Learning,CT046-3-M-AML,Applied Machine Learning
Natasha Romanov,APUMP2109DSBA(DE)(PR)-ODL,MSc in Data Science and Business Analytics,Distance Learning,CT048-3-M-BIS,Business Intelligence Systems
Natasha Romanov,APUMP2109DSBA(DE)(PR)-ODL,MSc in Data Science and Business Analytics,Distance Learning,CT087-3-M-RMCP,Research Methodology for Capstone Project
Natasha Romanov,APUMP2109DSBA(DE)(PR)-ODL,MSc in Data Science and Business Analytics,Distance Learning,CT130-3-M-ODL-DAP,Data Analytical Programming
Corine Kay,APUMP2005DSBA(BI)(PR),MSc in Data Science and Business Analytics,Part time,AQ050-3-M-TSF,Time Series Analysis and Forecasting
Corine Kay,APUMP2005DSBA(BI)(PR),MSc in Data Science and Business Analytics,Part time,BM026-3-M-SEM,Strategies in Emerging Markets
Corine Kay,APUMP2005DSBA(BI)(PR),MSc in Data Science and Business Analytics,Part time,CT045-3-M-ABAV,Advanced Business Analytics and Visualisation
Corine Kay,APUMP2005DSBA(BI)(PR),MSc in Data Science and Business Analytics,Part time,CT046-3-M-AML,Applied Machine Learning
Corine Kay,APUMP2005DSBA(BI)(PR),MSc in Data Science and Business Analytics,Part time,CT047-3-M-BDAT,Big Data Analytics and Technologies
Corine Kay,APUMP2005DSBA(BI)(PR),MSc in Data Science and Business Analytics,Part time,CT048-3-M-BIS,Business Intelligence Systems
Corine Kay,APUMP2005DSBA(BI)(PR),MSc in Data Science and Business Analytics,Part time,CT087-3-M-RMCP,Research Methodology for Capstone Project
Bilbo Bangins,APUMP2203DSBA(BI)(PR)-ODL,MSc in Data Science and Business Analytics,Distance Learning,CT047-3-M-BDAT,Big Data Analytics and Technologies
Bilbo Bangins,APUMP2203DSBA(BI)(PR)-ODL,MSc in Data Science and Business Analytics,Distance Learning,CT048-3-M-BIS,Business Intelligence Systems
Bilbo Bangins,APUMP2203DSBA(BI)(PR)-ODL,MSc in Data Science and Business Analytics,Distance Learning,CT131-3-M-ODL-DM,Data Management
Giannino Ernst,APUMP2203DSBA(DE)(PR)-ODL,MSc in Data Science and Business Analytics,Distance Learning,CT047-3-M-BDAT,Big Data Analytics and Technologies
Giannino Ernst,APUMP2203DSBA(DE)(PR)-ODL,MSc in Data Science and Business Analytics,Distance Learning,CT048-3-M-BIS,Business Intelligence Systems
Giannino Ernst,APUMP2203DSBA(DE)(PR)-ODL,MSc in Data Science and Business Analytics,Distance Learning,CT131-3-M-ODL-DM,Data Management
Sanja Sudarshan,APUMP2101DSBA(DE)(PR),MSc in Data Science and Business Analytics,Part time,AQ049-3-M-MMDA,Multivariate Methods for Data Analysis
Sanja Sudarshan,APUMP2101DSBA(DE)(PR),MSc in Data Science and Business Analytics,Part time,CT045-3-M-ABAV,Advanced Business Analytics and Visualisation
Sanja Sudarshan,APUMP2101DSBA(DE)(PR),MSc in Data Science and Business Analytics,Part time,CT046-3-M-AML,Applied Machine Learning
Sanja Sudarshan,APUMP2101DSBA(DE)(PR),MSc in Data Science and Business Analytics,Part time,CT047-3-M-BDAT,Big Data Analytics and Technologies
Sanja Sudarshan,APUMP2101DSBA(DE)(PR),MSc in Data Science and Business Analytics,Part time,CT048-3-M-BIS,Business Intelligence Systems
Vlad Amelia,APDMP2201DSBA(DE)(PR),MSc in Data Science and Business Analytics,Part time,CT046-3-M-AML,Applied Machine Learning
Vlad Amelia,APDMP2201DSBA(DE)(PR),MSc in Data Science and Business Analytics,Part time,CT047-3-M-BDAT,Big Data Analytics and Technologies
Vlad Amelia,APDMP2201DSBA(DE)(PR),MSc in Data Science and Business Analytics,Part time,CT048-3-M-BIS,Business Intelligence Systems
Vlad Amelia,APDMP2201DSBA(DE)(PR),MSc in Data Science and Business Analytics,Part time,CT052-3-M-NLP,Natural Language Processing
Steven Austin,APUMP2203DSBA(DE)(PR)-ODL,MSc in Data Science and Business Analytics,Distance Learning,CT047-3-M-BDAT,Big Data Analytics and Technologies
Steven Austin,APUMP2203DSBA(DE)(PR)-ODL,MSc in Data Science and Business Analytics,Distance Learning,CT048-3-M-BIS,Business Intelligence Systems
Steven Austin,APUMP2203DSBA(DE)(PR)-ODL,MSc in Data Science and Business Analytics,Distance Learning,CT125-3-M-ODL-AML,Applied Machine Learning
Helah Tindra,APDMP2203DSBA(BI)(PR),MSc in Data Science and Business Analytics,Part time,CT047-3-M-BDAT,Big Data Analytics and Technologies
Helah Tindra,APDMP2203DSBA(BI)(PR),MSc in Data Science and Business Analytics,Part time,CT048-3-M-BIS,Business Intelligence Systems
Helah Tindra,APDMP2203DSBA(BI)(PR),MSc in Data Science and Business Analytics,Part time,CT051-3-M-DM,Data Management
Kateri Pála,APDMP2107DSBA(BI)(PR),MSc in Data Science and Business Analytics,Part time,AQ049-3-M-MMDA,Multivariate Methods for Data Analysis
Kateri Pála,APDMP2107DSBA(BI)(PR),MSc in Data Science and Business Analytics,Part time,BM031-3-M-BSSMMA,"Behavioural Science, Social Media and Marketing Analytics"
Kateri Pála,APDMP2107DSBA(BI)(PR),MSc in Data Science and Business Analytics,Part time,CT046-3-M-AML,Applied Machine Learning
Kateri Pála,APDMP2107DSBA(BI)(PR),MSc in Data Science and Business Analytics,Part time,CT047-3-M-BDAT,Big Data Analytics and Technologies
Kateri Pála,APDMP2107DSBA(BI)(PR),MSc in Data Science and Business Analytics,Part time,CT048-3-M-BIS,Business Intelligence Systems
Kara Zor El,APUMP2205DSBA(DE)(PR)-ODL,MSc in Data Science and Business Analytics,Distance Learning,CT047-3-M-BDAT,Big Data Analytics and Technologies
Kara Zor El,APUMP2205DSBA(DE)(PR)-ODL,MSc in Data Science and Business Analytics,Distance Learning,CT131-3-M-ODL-DM,Data Management
Hoa Plamen,APDMP2111DSBA(BI)(PR),MSc in Data Science and Business Analytics,Part time,CT045-3-M-ABAV,Advanced Business Analytics and Visualisation
Hoa Plamen,APDMP2111DSBA(BI)(PR),MSc in Data Science and Business Analytics,Part time,CT046-3-M-AML,Applied Machine Learning
Hoa Plamen,APDMP2111DSBA(BI)(PR),MSc in Data Science and Business Analytics,Part time,CT047-3-M-BDAT,Big Data Analytics and Technologies
Hoa Plamen,APDMP2111DSBA(BI)(PR),MSc in Data Science and Business Analytics,Part time,CT048-3-M-BIS,Business Intelligence Systems
Hoa Plamen,APDMP2111DSBA(BI)(PR),MSc in Data Science and Business Analytics,Part time,CT051-3-M-DM,Data Management
Carol Danvers,APUMP2203DSBA(BI)(PR)-ODL,MSc in Data Science and Business Analytics,Distance Learning,CT047-3-M-BDAT,Big Data Analytics and Technologies
Carol Danvers,APUMP2203DSBA(BI)(PR)-ODL,MSc in Data Science and Business Analytics,Distance Learning,CT048-3-M-BIS,Business Intelligence Systems
Carol Danvers,APUMP2203DSBA(BI)(PR)-ODL,MSc in Data Science and Business Analytics,Distance Learning,CT131-3-M-ODL-DM,Data Management
Slavko Peleus,APDMP2107DSBA(DE)(PR),MSc in Data Science and Business Analytics,Part time,AQ049-3-M-MMDA,Multivariate Methods for Data Analysis
Slavko Peleus,APDMP2107DSBA(DE)(PR),MSc in Data Science and Business Analytics,Part time,CT045-3-M-ABAV,Advanced Business Analytics and Visualisation
Slavko Peleus,APDMP2107DSBA(DE)(PR),MSc in Data Science and Business Analytics,Part time,CT046-3-M-AML,Applied Machine Learning
Slavko Peleus,APDMP2107DSBA(DE)(PR),MSc in Data Science and Business Analytics,Part time,CT047-3-M-BDAT,Big Data Analytics and Technologies
Slavko Peleus,APDMP2107DSBA(DE)(PR),MSc in Data Science and Business Analytics,Part time,CT051-3-M-DM,Data Management
Slavko Peleus,APDMP2107DSBA(DE)(PR),MSc in Data Science and Business Analytics,Part time,CT052-3-M-NLP,Natural Language Processing
Slavko Peleus,APDMP2107DSBA(DE)(PR),MSc in Data Science and Business Analytics,Part time,CT100-3-M-DL,Deep Learning
Hedvig Marya,APUMP2111DSBA(DE)(PR),MSc in Data Science and Business Analytics,Part time,AQ049-3-M-MMDA,Multivariate Methods for Data Analysis
Goffredo Chrysanthe,APUMP2111DSBA(DE)(PR),MSc in Data Science and Business Analytics,Part time,CT045-3-M-ABAV,Advanced Business Analytics and Visualisation
Goffredo Chrysanthe,APUMP2111DSBA(DE)(PR),MSc in Data Science and Business Analytics,Part time,CT046-3-M-AML,Applied Machine Learning
Goffredo Chrysanthe,APUMP2111DSBA(DE)(PR),MSc in Data Science and Business Analytics,Part time,CT047-3-M-BDAT,Big Data Analytics and Technologies
Goffredo Chrysanthe,APUMP2111DSBA(DE)(PR),MSc in Data Science and Business Analytics,Part time,CT050-3-M-DAP,Data Analytical Programming
Nur Beornræd,APUMP2203DSBA(DE)(PR),MSc in Data Science and Business Analytics,Part time,CT047-3-M-BDAT,Big Data Analytics and Technologies
Nur Beornræd,APUMP2203DSBA(DE)(PR),MSc in Data Science and Business Analytics,Part time,CT050-3-M-DAP,Data Analytical Programming
Nur Beornræd,APUMP2203DSBA(DE)(PR),MSc in Data Science and Business Analytics,Part time,CT051-3-M-DM,Data Management
Marc Genís,APUMP2005DSBA(DE)(PR),MSc in Data Science and Business Analytics,Part time,CT048-3-M-BIS,Business Intelligence Systems
Marc Genís,APUMP2005DSBA(DE)(PR),MSc in Data Science and Business Analytics,Part time,CT050-3-M-DAP,Data Analytical Programming
Marc Genís,APUMP2005DSBA(DE)(PR),MSc in Data Science and Business Analytics,Part time,CT051-3-M-DM,Data Management
Marc Genís,APUMP2005DSBA(DE)(PR),MSc in Data Science and Business Analytics,Part time,CT052-3-M-NLP,Natural Language Processing
Marc Genís,APUMP2005DSBA(DE)(PR),MSc in Data Science and Business Analytics,Part time,CT087-3-M-RMCP,Research Methodology for Capstone Project
Marc Genís,APUMP2005DSBA(DE)(PR),MSc in Data Science and Business Analytics,Part time,CT100-3-M-DL,Deep Learning
leia Organa,APUMP2101DSBA(DE)(PR)-ODL,MSc in Data Science and Business Analytics,Distance Learning,AQ049-3-M-MMDA,Multivariate Methods for Data Analysis
leia Organa,APUMP2101DSBA(DE)(PR)-ODL,MSc in Data Science and Business Analytics,Distance Learning,CT045-3-M-ABAV,Advanced Business Analytics and Visualisation
leia Organa,APUMP2101DSBA(DE)(PR)-ODL,MSc in Data Science and Business Analytics,Distance Learning,CT046-3-M-AML,Applied Machine Learning
leia Organa,APUMP2101DSBA(DE)(PR)-ODL,MSc in Data Science and Business Analytics,Distance Learning,CT047-3-M-BDAT,Big Data Analytics and Technologies
leia Organa,APUMP2101DSBA(DE)(PR)-ODL,MSc in Data Science and Business Analytics,Distance Learning,CT048-3-M-BIS,Business Intelligence Systems
leia Organa,APUMP2101DSBA(DE)(PR)-ODL,MSc in Data Science and Business Analytics,Distance Learning,CT051-3-M-DM,Data Management
leia Organa,APUMP2101DSBA(DE)(PR)-ODL,MSc in Data Science and Business Analytics,Distance Learning,CT087-3-M-RMCP,Research Methodology for Capstone Project
leia Organa,APUMP2101DSBA(DE)(PR)-ODL,MSc in Data Science and Business Analytics,Distance Learning,CT130-3-M-ODL-DAP,Data Analytical Programming
Maks Al,APDMP2201DSBA(BI)(PR),MSc in Data Science and Business Analytics,Part time,AQ050-3-M-TSF,Time Series Analysis and Forecasting
Maks Al,APDMP2201DSBA(BI)(PR),MSc in Data Science and Business Analytics,Part time,CT047-3-M-BDAT,Big Data Analytics and Technologies
Maks Al,APDMP2201DSBA(BI)(PR),MSc in Data Science and Business Analytics,Part time,CT048-3-M-BIS,Business Intelligence Systems
Maks Al,APDMP2201DSBA(BI)(PR),MSc in Data Science and Business Analytics,Part time,CT051-3-M-DM,Data Management
Ben Kenobi,APUMP2205DSBA(DE)-ODL,MSc in Data Science and Business Analytics,Distance Learning,CT052-3-M-NLP,Natural Language Processing
Ben Kenobi,APUMP2205DSBA(DE)-ODL,MSc in Data Science and Business Analytics,Distance Learning,CT131-3-M-ODL-DM,Data Management
Gift Hertha,APUMP2009DSBA(DE)(PR),MSc in Data Science and Business Analytics,Part time,AQ049-3-M-MMDA,Multivariate Methods for Data Analysis
Gift Hertha,APUMP2009DSBA(DE)(PR),MSc in Data Science and Business Analytics,Part time,CT045-3-M-ABAV,Advanced Business Analytics and Visualisation
Gift Hertha,APUMP2009DSBA(DE)(PR),MSc in Data Science and Business Analytics,Part time,CT046-3-M-AML,Applied Machine Learning
Gift Hertha,APUMP2009DSBA(DE)(PR),MSc in Data Science and Business Analytics,Part time,CT047-3-M-BDAT,Big Data Analytics and Technologies
Zola Duško,APUMP2009DSBA(BI)(PR),MSc in Data Science and Business Analytics,Part time,CT048-3-M-BIS,Business Intelligence Systems
Alma Kristýna,APDMP2201DSBA(DE)(PR),MSc in Data Science and Business Analytics,Part time,CT047-3-M-BDAT,Big Data Analytics and Technologies
Alma Kristýna,APDMP2201DSBA(DE)(PR),MSc in Data Science and Business Analytics,Part time,CT048-3-M-BIS,Business Intelligence Systems
Jensen Riccardo,APDMP2107DSBA(DE)(PR),MSc in Data Science and Business Analytics,Part time,CT051-3-M-DM,Data Management
Jensen Riccardo,APDMP2107DSBA(DE)(PR),MSc in Data Science and Business Analytics,Part time,CT087-3-M-RMCP,Research Methodology for Capstone Project
Debdas Ásmundr,APDMP2107DSBA(BI)(PR),MSc in Data Science and Business Analytics,Part time,CT046-3-M-AML,Applied Machine Learning
Debdas Ásmundr,APDMP2107DSBA(BI)(PR),MSc in Data Science and Business Analytics,Part time,CT048-3-M-BIS,Business Intelligence Systems
Wolter Tiburcio,APUMP2101DSBA(BI)(PR),MSc in Data Science and Business Analytics,Part time,BM031-3-M-BSSMMA,"Behavioural Science, Social Media and Marketing Analytics"
Wolter Tiburcio,APUMP2101DSBA(BI)(PR),MSc in Data Science and Business Analytics,Part time,CT045-3-M-ABAV,Advanced Business Analytics and Visualisation
Wolter Tiburcio,APUMP2101DSBA(BI)(PR),MSc in Data Science and Business Analytics,Part time,CT046-3-M-AML,Applied Machine Learning
Jonah Caelina,APDMP2105DSBA(DE)(PR),MSc in Data Science and Business Analytics,Part time,AQ049-3-M-MMDA,Multivariate Methods for Data Analysis
Jonah Caelina,APDMP2105DSBA(DE)(PR),MSc in Data Science and Business Analytics,Part time,CT045-3-M-ABAV,Advanced Business Analytics and Visualisation
Jonah Caelina,APDMP2105DSBA(DE)(PR),MSc in Data Science and Business Analytics,Part time,CT046-3-M-AML,Applied Machine Learning
Jonah Caelina,APDMP2105DSBA(DE)(PR),MSc in Data Science and Business Analytics,Part time,CT047-3-M-BDAT,Big Data Analytics and Technologies
Jonah Caelina,APDMP2105DSBA(DE)(PR),MSc in Data Science and Business Analytics,Part time,CT087-3-M-RMCP,Research Methodology for Capstone Project
Benjamin Grim,APUMP2203DSBA(DE)(PR)-ODL,MSc in Data Science and Business Analytics,Distance Learning,CT047-3-M-BDAT,Big Data Analytics and Technologies
Benjamin Grim,APUMP2203DSBA(DE)(PR)-ODL,MSc in Data Science and Business Analytics,Distance Learning,CT048-3-M-BIS,Business Intelligence Systems
Benjamin Grim,APUMP2203DSBA(DE)(PR)-ODL,MSc in Data Science and Business Analytics,Distance Learning,CT131-3-M-ODL-DM,Data Management
Heinrich Zemo,APUMP2005DSBA(DE)(PR),MSc in Data Science and Business Analytics,Part time,AQ049-3-M-MMDA,Multivariate Methods for Data Analysis
Heinrich Zemo,APUMP2005DSBA(DE)(PR),MSc in Data Science and Business Analytics,Part time,CT047-3-M-BDAT,Big Data Analytics and Technologies
Heinrich Zemo,APUMP2005DSBA(DE)(PR),MSc in Data Science and Business Analytics,Part time,CT048-3-M-BIS,Business Intelligence Systems
Heinrich Zemo,APUMP2005DSBA(DE)(PR),MSc in Data Science and Business Analytics,Part time,CT050-3-M-DAP,Data Analytical Programming
Heinrich Zemo,APUMP2005DSBA(DE)(PR),MSc in Data Science and Business Analytics,Part time,CT052-3-M-NLP,Natural Language Processing
Heinrich Zemo,APUMP2005DSBA(DE)(PR),MSc in Data Science and Business Analytics,Part time,CT087-3-M-RMCP,Research Methodology for Capstone Project
Theresa Rourke,APDMP2009DSBA(BI)(PR),MSc in Data Science and Business Analytics,Part time,AQ051-3-M-MDA,Multilevel Data Analysis
Theresa Rourke,APDMP2009DSBA(BI)(PR),MSc in Data Science and Business Analytics,Part time,BM031-3-M-BSSMMA,"Behavioural Science, Social Media and Marketing Analytics"
Theresa Rourke,APDMP2009DSBA(BI)(PR),MSc in Data Science and Business Analytics,Part time,CT045-3-M-ABAV,Advanced Business Analytics and Visualisation
Theresa Rourke,APDMP2009DSBA(BI)(PR),MSc in Data Science and Business Analytics,Part time,CT046-3-M-AML,Applied Machine Learning
Theresa Rourke,APDMP2009DSBA(BI)(PR),MSc in Data Science and Business Analytics,Part time,CT047-3-M-BDAT,Big Data Analytics and Technologies
Theresa Rourke,APDMP2009DSBA(BI)(PR),MSc in Data Science and Business Analytics,Part time,CT087-3-M-RMCP,Research Methodology for Capstone Project
Alojzija Anselme,APDMP2101DSBA(BI)(PR),MSc in Data Science and Business Analytics,Part time,AQ049-3-M-MMDA,Multivariate Methods for Data Analysis
Alojzija Anselme,APDMP2101DSBA(BI)(PR),MSc in Data Science and Business Analytics,Part time,BM031-3-M-BSSMMA,"Behavioural Science, Social Media and Marketing Analytics"
Alojzija Anselme,APDMP2101DSBA(BI)(PR),MSc in Data Science and Business Analytics,Part time,CT045-3-M-ABAV,Advanced Business Analytics and Visualisation
Alojzija Anselme,APDMP2101DSBA(BI)(PR),MSc in Data Science and Business Analytics,Part time,CT046-3-M-AML,Applied Machine Learning
Alojzija Anselme,APDMP2101DSBA(BI)(PR),MSc in Data Science and Business Analytics,Part time,CT047-3-M-BDAT,Big Data Analytics and Technologies
Alojzija Anselme,APDMP2101DSBA(BI)(PR),MSc in Data Science and Business Analytics,Part time,CT051-3-M-DM,Data Management
Alojzija Anselme,APDMP2101DSBA(BI)(PR),MSc in Data Science and Business Analytics,Part time,CT087-3-M-RMCP,Research Methodology for Capstone Project
Bud Manfredo,APDMP2201DSBA(DE)(PR),MSc in Data Science and Business Analytics,Part time,CT047-3-M-BDAT,Big Data Analytics and Technologies
Bud Manfredo,APDMP2201DSBA(DE)(PR),MSc in Data Science and Business Analytics,Part time,CT048-3-M-BIS,Business Intelligence Systems
Bud Manfredo,APDMP2201DSBA(DE)(PR),MSc in Data Science and Business Analytics,Part time,CT051-3-M-DM,Data Management
Bud Manfredo,APDMP2201DSBA(DE)(PR),MSc in Data Science and Business Analytics,Part time,CT052-3-M-NLP,Natural Language Processing
Rajeev Leni,APUMP2111DSBA(BI)(PR),MSc in Data Science and Business Analytics,Part time,CT047-3-M-BDAT,Big Data Analytics and Technologies
Rajeev Leni,APUMP2111DSBA(BI)(PR),MSc in Data Science and Business Analytics,Part time,CT050-3-M-DAP,Data Analytical Programming
Rajeev Leni,APUMP2111DSBA(BI)(PR),MSc in Data Science and Business Analytics,Part time,CT051-3-M-DM,Data Management
Lýdia Washington,APUMP2009DSBA(BI)(PR),MSc in Data Science and Business Analytics,Part time,CT050-3-M-DAP,Data Analytical Programming
Bruce Wayne,APUMP2205DSBA(BI)(PR)-ODL,MSc in Data Science and Business Analytics,Distance Learning,CT047-3-M-BDAT,Big Data Analytics and Technologies
Ysbrand Achilleus,APUMP2009DSBA(DE)(PR),MSc in Data Science and Business Analytics,Part time,CT045-3-M-ABAV,Advanced Business Analytics and Visualisation
Ysbrand Achilleus,APUMP2009DSBA(DE)(PR),MSc in Data Science and Business Analytics,Part time,CT046-3-M-AML,Applied Machine Learning
Ysbrand Achilleus,APUMP2009DSBA(DE)(PR),MSc in Data Science and Business Analytics,Part time,CT050-3-M-DAP,Data Analytical Programming
Ysbrand Achilleus,APUMP2009DSBA(DE)(PR),MSc in Data Science and Business Analytics,Part time,CT051-3-M-DM,Data Management
Ysbrand Achilleus,APUMP2009DSBA(DE)(PR),MSc in Data Science and Business Analytics,Part time,CT052-3-M-NLP,Natural Language Processing
Ysbrand Achilleus,APUMP2009DSBA(DE)(PR),MSc in Data Science and Business Analytics,Part time,CT087-3-M-RMCP,Research Methodology for Capstone Project
Ysbrand Achilleus,APUMP2009DSBA(DE)(PR),MSc in Data Science and Business Analytics,Part time,CT100-3-M-DL,Deep Learning
Ivan Gabi,APUMP2201DSBA(BI)(PR)-ODL,MSc in Data Science and Business Analytics,Distance Learning,AQ050-3-M-TSF,Time Series Analysis and Forecasting
Ivan Gabi,APUMP2201DSBA(BI)(PR)-ODL,MSc in Data Science and Business Analytics,Distance Learning,CT047-3-M-BDAT,Big Data Analytics and Technologies
Ivan Gabi,APUMP2201DSBA(BI)(PR)-ODL,MSc in Data Science and Business Analytics,Distance Learning,CT048-3-M-BIS,Business Intelligence Systems
Ivan Gabi,APUMP2201DSBA(BI)(PR)-ODL,MSc in Data Science and Business Analytics,Distance Learning,CT131-3-M-ODL-DM,Data Management
Sam Wilson,APDMP2109DSBA(BI)(PR),MSc in Data Science and Business Analytics,Part time,CT045-3-M-ABAV,Advanced Business Analytics and Visualisation
Sam Wilson,APDMP2109DSBA(BI)(PR),MSc in Data Science and Business Analytics,Part time,CT046-3-M-AML,Applied Machine Learning
Sam Wilson,APDMP2109DSBA(BI)(PR),MSc in Data Science and Business Analytics,Part time,CT047-3-M-BDAT,Big Data Analytics and Technologies
Sam Wilson,APDMP2109DSBA(BI)(PR),MSc in Data Science and Business Analytics,Part time,CT048-3-M-BIS,Business Intelligence Systems
Sam Wilson,APDMP2109DSBA(BI)(PR),MSc in Data Science and Business Analytics,Part time,CT050-3-M-DAP,Data Analytical Programming
Sam Wilson,APDMP2109DSBA(BI)(PR),MSc in Data Science and Business Analytics,Part time,CT051-3-M-DM,Data Management
Bucky Barnes,APUMP2201DSBA(BI)(PR),MSc in Data Science and Business Analytics,Part time,AQ050-3-M-TSF,Time Series Analysis and Forecasting
Bucky Barnes,APUMP2201DSBA(BI)(PR),MSc in Data Science and Business Analytics,Part time,CT047-3-M-BDAT,Big Data Analytics and Technologies
Bucky Barnes,APUMP2201DSBA(BI)(PR),MSc in Data Science and Business Analytics,Part time,CT048-3-M-BIS,Business Intelligence Systems
Bucky Barnes,APUMP2201DSBA(BI)(PR),MSc in Data Science and Business Analytics,Part time,CT051-3-M-DM,Data Management
Clint Barton,APDMP2111DSBA(DE)(PR),MSc in Data Science and Business Analytics,Part time,CT045-3-M-ABAV,Advanced Business Analytics and Visualisation
Clint Barton,APDMP2111DSBA(DE)(PR),MSc in Data Science and Business Analytics,Part time,CT046-3-M-AML,Applied Machine Learning
Clint Barton,APDMP2111DSBA(DE)(PR),MSc in Data Science and Business Analytics,Part time,CT047-3-M-BDAT,Big Data Analytics and Technologies
Clint Barton,APDMP2111DSBA(DE)(PR),MSc in Data Science and Business Analytics,Part time,CT051-3-M-DM,Data Management
Clint Barton,APDMP2111DSBA(DE)(PR),MSc in Data Science and Business Analytics,Part time,CT100-3-M-DL,Deep Learning
Jennifer Christen,APUMP2101DSBA(BI)(PR),MSc in Data Science and Business Analytics,Part time,AQ049-3-M-MMDA,Multivariate Methods for Data Analysis
Jennifer Christen,APUMP2101DSBA(BI)(PR),MSc in Data Science and Business Analytics,Part time,AQ050-3-M-TSF,Time Series Analysis and Forecasting
Jennifer Christen,APUMP2101DSBA(BI)(PR),MSc in Data Science and Business Analytics,Part time,BM031-3-M-BSSMMA,"Behavioural Science, Social Media and Marketing Analytics"
Jennifer Christen,APUMP2101DSBA(BI)(PR),MSc in Data Science and Business Analytics,Part time,CT046-3-M-AML,Applied Machine Learning
Jennifer Christen,APUMP2101DSBA(BI)(PR),MSc in Data Science and Business Analytics,Part time,CT047-3-M-BDAT,Big Data Analytics and Technologies
Jennifer Christen,APUMP2101DSBA(BI)(PR),MSc in Data Science and Business Analytics,Part time,CT048-3-M-BIS,Business Intelligence Systems
Jennifer Christen,APUMP2101DSBA(BI)(PR),MSc in Data Science and Business Analytics,Part time,CT050-3-M-DAP,Data Analytical Programming
Jennifer Christen,APUMP2101DSBA(BI)(PR),MSc in Data Science and Business Analytics,Part time,CT051-3-M-DM,Data Management
Steven Strange,APUMP2201DSBA(BI)(PR)-ODL,MSc in Data Science and Business Analytics,Distance Learning,AQ050-3-M-TSF,Time Series Analysis and Forecasting
Steven Strange,APUMP2201DSBA(BI)(PR)-ODL,MSc in Data Science and Business Analytics,Distance Learning,CT047-3-M-BDAT,Big Data Analytics and Technologies
Steven Strange,APUMP2201DSBA(BI)(PR)-ODL,MSc in Data Science and Business Analytics,Distance Learning,CT048-3-M-BIS,Business Intelligence Systems
Steven Strange,APUMP2201DSBA(BI)(PR)-ODL,MSc in Data Science and Business Analytics,Distance Learning,CT125-3-M-ODL-AML,Applied Machine Learning
Steve Rogers,APUMP2009DSBA(BI)(PR),MSc in Data Science and Business Analytics,Part time,CT048-3-M-BIS,Business Intelligence Systems
Steve Rogers,APUMP2009DSBA(BI)(PR),MSc in Data Science and Business Analytics,Part time,CT050-3-M-DAP,Data Analytical Programming
Fortunata Herleva,APUMP2203DSBA(DE)(PR)-ODL,MSc in Data Science and Business Analytics,Distance Learning,CT047-3-M-BDAT,Big Data Analytics and Technologies
Fortunata Herleva,APUMP2203DSBA(DE)(PR)-ODL,MSc in Data Science and Business Analytics,Distance Learning,CT048-3-M-BIS,Business Intelligence Systems
Fortunata Herleva,APUMP2203DSBA(DE)(PR)-ODL,MSc in Data Science and Business Analytics,Distance Learning,CT131-3-M-ODL-DM,Data Management
